chromosome	start	end	copyNumber	bafCount	observedBAF	baf	segmentStartSupport	segmentEndSupport	method	depthWindowCount	gcContent	minStart	maxStart	minorAlleleCopyNumber	majorAlleleCopyNumber
1	1	17255000	1.9176	2014	0.8138	1.0058	TELOMERE	NONE	BAF_WEIGHTED	12210	0.4869	1	1	0.0000	1.9176
1	17255001	17309258	2.9590	0	0.0000	1.0037	NONE	DEL	BAF_WEIGHTED	28	0.5549	16850001	17255001	0.0000	2.9590
1	17309259	17615101	1.9159	34	0.8265	1.0267	DEL	DEL	BAF_WEIGHTED	289	0.5023	17309259	17309259	0.0000	1.9159
1	17615102	17688142	2.8361	1	0.8350	0.9737	DEL	SGL	BAF_WEIGHTED	71	0.4823	17615102	17615102	0.0745	2.7616
1	17688143	74982293	1.9776	8652	0.8156	1.0023	SGL	DEL	BAF_WEIGHTED	53016	0.4341	17688143	17688143	0.0000	1.9776
1	74982294	75061322	1.0145	31	0.7308	0.9980	DEL	DEL	BAF_WEIGHTED	71	0.3813	74982294	74982294	0.0020	1.0125
1	75061323	123035433	2.0318	7446	0.8139	0.9958	DEL	CENTROMERE	BAF_WEIGHTED	41595	0.3855	75061323	75061323	0.0085	2.0232
1	123035434	203136093	2.0142	9995	0.8147	0.9981	CENTROMERE	BND	BAF_WEIGHTED	50461	0.4005	123035434	123035434	0.0037	2.0105
1	203136094	203137839	3.7787	0	0.0000	0.9990	BND	BND	STRUCTURAL_VARIANT	0	0.0000	203136094	203136094	0.0037	3.7749
1	203137840	210166794	1.9853	952	0.8176	1.0051	BND	DUP	BAF_WEIGHTED	6148	0.4447	203137840	203137840	0.0000	1.9853
1	210166795	210262508	3.0873	0	0.0000	0.9994	DUP	DUP	BAF_WEIGHTED	90	0.3528	210166795	210166795	0.0017	3.0856
1	210262509	249250621	2.0076	7200	0.8146	0.9991	DUP	TELOMERE	BAF_WEIGHTED	34946	0.4085	210262509	210262509	0.0017	2.0058
2	1	27801072	2.9793	5643	0.6201	0.6676	TELOMERE	DEL	BAF_WEIGHTED	25869	0.4227	1	1	0.9903	1.9890
2	27801073	27861088	1.9788	26	0.5442	0.5704	DEL	DEL	BAF_WEIGHTED	53	0.4128	27801073	27801073	0.8502	1.1286
2	27861089	43103307	3.0176	3915	0.6200	0.6668	DEL	DEL	BAF_WEIGHTED	14349	0.4017	27861089	27861089	1.0054	2.0122
2	43103308	43120185	1.9990	5	0.8333	1.0291	DEL	DEL	BAF_WEIGHTED	16	0.4644	43103308	43103308	0.0000	1.9990
2	43120186	51557344	2.9941	1952	0.6180	0.6642	DEL	DEL	BAF_WEIGHTED	8055	0.4086	43120186	43120186	1.0054	1.9886
2	51557345	51559831	2.3189	0	0.0000	0.8670	DEL	DEL	BAF_WEIGHTED	1	0.3280	51557345	51557345	0.3085	2.0104
2	51559832	85160139	3.0098	5921	0.6208	0.6679	DEL	INV	BAF_WEIGHTED	31440	0.3911	51559832	51559832	0.9994	2.0104
2	85160140	85160182	3.7656	0	0.0000	0.5339	INV	INV	STRUCTURAL_VARIANT	0	0.0000	85160140	85160140	1.7552	2.0104
2	85160183	85160671	2.9210	0	0.0000	0.6882	INV	INV	STRUCTURAL_VARIANT	0	0.0000	85160183	85160183	0.9107	2.0104
2	85160672	86088652	1.9217	325	0.8144	1.0066	INV	INV	BAF_WEIGHTED	875	0.4691	85160672	85160672	0.0000	1.9217
2	86088653	93826170	2.9803	344	0.6191	0.6661	INV	CENTROMERE	BAF_WEIGHTED	1838	0.4276	86088653	86088653	0.9950	1.9853
2	93826171	95867965	2.9569	42	0.6028	0.6436	CENTROMERE	SGL	BAF_WEIGHTED	307	0.4602	93826171	93826171	1.0539	1.9029
2	95867966	95867966	1.1996	0	0.0000	0.8183	SGL	SGL	STRUCTURAL_VARIANT	0	0.0000	95867966	95867966	0.2179	0.9817
2	95867967	101364244	2.9818	648	0.6226	0.6708	SGL	DEL	BAF_WEIGHTED	3930	0.4386	95867967	95867967	0.9817	2.0001
2	101364245	101368526	2.0587	1	0.7807	0.9409	DEL	DEL	BAF_WEIGHTED	2	0.3540	101364245	101364245	0.1218	1.9370
2	101368527	123090269	3.0129	4225	0.6218	0.6693	DEL	DEL	BAF_WEIGHTED	17424	0.4083	101368527	101368527	0.9962	2.0166
2	123090270	123154725	2.7888	14	0.6667	0.7369	DEL	DEL	BAF_WEIGHTED	55	0.3921	123090270	123090270	0.7337	2.0551
2	123154726	146442111	2.9914	3862	0.6185	0.6653	DEL	DEL	BAF_WEIGHTED	20250	0.3890	123154726	123154726	1.0013	1.9901
2	146442112	146442152	2.1736	0	0.0000	0.9342	DEL	DEL	STRUCTURAL_VARIANT	0	0.0000	146442112	146442112	0.1430	2.0306
2	146442153	207655657	3.0510	8327	0.6196	0.6656	DEL	DEL	BAF_WEIGHTED	57413	0.3773	146442153	146442153	1.0204	2.0306
2	207655658	207709666	2.0340	10	0.5243	0.5084	DEL	DEL	BAF_WEIGHTED	46	0.3944	207655658	207655658	1.0000	1.0340
2	207709667	221293897	3.0193	2518	0.6197	0.6664	DEL	DEL	BAF_WEIGHTED	12260	0.3932	207709667	207709667	1.0071	2.0122
2	221293898	221624511	1.9907	28	0.5407	0.5648	DEL	DEL	BAF_WEIGHTED	327	0.3844	221293898	221293898	0.8664	1.1243
2	221624512	223903712	3.0294	403	0.6250	0.6735	DEL	DEL	BAF_WEIGHTED	2188	0.3932	221624512	221624512	0.9892	2.0402
2	223903713	232108257	2.0242	1992	0.5341	0.5079	DEL	DEL	BAF_WEIGHTED	7773	0.3981	223903713	223903713	0.9961	1.0280
2	232108258	237347965	2.9589	942	0.6184	0.6652	DEL	DEL	BAF_WEIGHTED	4648	0.4543	232108258	232108258	0.9906	1.9683
2	237347966	242551771	1.9700	891	0.5351	0.5118	DEL	DEL	BAF_WEIGHTED	4035	0.4758	237347966	237347966	0.9618	1.0082
2	242551772	243199373	2.8809	59	0.6134	0.6596	DEL	TELOMERE	BAF_WEIGHTED	331	0.5199	242551772	242551772	0.9805	1.9003
3	1	78872395	2.0073	16505	0.8144	0.9979	TELOMERE	DEL	BAF_WEIGHTED	72957	0.4090	1	1	0.0042	2.0031
3	78872396	78872651	1.0823	0	0.0000	0.9961	DEL	DEL	STRUCTURAL_VARIANT	0	0.0000	78872396	78872396	0.0042	1.0781
3	78872652	92004853	2.0099	2005	0.8127	0.9954	DEL	CENTROMERE	BAF_WEIGHTED	10725	0.3493	78872652	78872652	0.0093	2.0006
3	92004854	99653786	2.0157	2133	0.8112	0.9927	CENTROMERE	DEL	BAF_WEIGHTED	5641	0.3600	92004854	92004854	0.0148	2.0009
3	99653787	99658160	1.0434	0	0.0000	0.9858	DEL	DEL	BAF_WEIGHTED	4	0.3968	99653787	99653787	0.0148	1.0286
3	99658161	102255366	2.0665	340	0.8175	0.9974	DEL	INV	BAF_WEIGHTED	2399	0.3842	99658161	99658161	0.0053	2.0612
3	102255367	102257155	2.7898	0	0.0000	0.7287	INV	INV	BAF_WEIGHTED	1	0.3310	102255367	102255367	0.7570	2.0328
3	102257156	146738219	4.0246	7067	0.5275	0.5051	INV	DEL	BAF_WEIGHTED	40820	0.3964	102257156	102257156	1.9918	2.0328
3	146738220	146885248	1.9987	22	0.8063	0.9846	DEL	DEL	BAF_WEIGHTED	128	0.3523	146738220	146738220	0.0307	1.9679
3	146885249	148374692	4.0434	122	0.5282	0.5055	DEL	DEL	BAF_WEIGHTED	1401	0.3572	146885249	146885249	1.9995	2.0439
3	148374693	148658953	3.1257	77	0.6117	0.6537	DEL	DEL	BAF_WEIGHTED	260	0.3720	148374693	148374693	1.0824	2.0432
3	148658954	184238211	4.0380	6418	0.5272	0.5089	DEL	DUP	BAF_WEIGHTED	33185	0.3780	148658954	148658954	1.9830	2.0549
3	184238212	184390235	4.7529	13	0.5686	0.5855	DUP	DUP	BAF_WEIGHTED	137	0.5144	184238212	184238212	1.9699	2.7830
3	184390236	186974660	4.0002	466	0.5243	0.5026	DUP	DUP	BAF_WEIGHTED	2444	0.4264	184390236	184390236	1.9897	2.0105
3	186974661	186975193	5.1940	0	0.0000	0.6212	DUP	DUP	STRUCTURAL_VARIANT	0	0.0000	186974661	186974661	1.9676	3.2264
3	186975194	198022430	4.0188	2057	0.5275	0.5104	DUP	TELOMERE	BAF_WEIGHTED	9878	0.4074	186975194	186975194	1.9676	2.0512
4	1	6604315	1.9395	821	0.8153	1.0063	TELOMERE	DEL	BAF_WEIGHTED	4722	0.4879	1	1	0.0000	1.9395
4	6604316	6937745	0.9576	47	0.7204	1.0000	DEL	DEL	BAF_WEIGHTED	264	0.4737	6604316	6604316	0.0000	0.9576
4	6937746	17115280	2.0133	1811	0.8173	1.0028	DEL	DEL	BAF_WEIGHTED	7967	0.4148	6937746	6937746	0.0000	2.0133
4	17115281	17158443	1.0656	22	0.7186	0.9596	DEL	DEL	BAF_WEIGHTED	41	0.3916	17115281	17115281	0.0431	1.0225
4	17158444	51160116	2.0159	5237	0.8144	0.9974	DEL	CENTROMERE	BAF_WEIGHTED	30096	0.3760	17158444	17158444	0.0053	2.0106
4	51160117	59462911	2.0250	1668	0.8124	0.9935	CENTROMERE	DEL	BAF_WEIGHTED	5912	0.3967	51160117	51160117	0.0133	2.0117
4	59462912	59624044	1.0382	20	0.7335	0.9976	DEL	DEL	BAF_WEIGHTED	152	0.3499	59462912	59462912	0.0025	1.0357
4	59624045	106295108	2.0357	8450	0.8143	0.9957	DEL	INV	BAF_WEIGHTED	42610	0.3683	59624045	59624045	0.0087	2.0270
4	106295109	116029890	1.0366	1824	0.7297	0.9902	INV	INV	BAF_WEIGHTED	8905	0.3732	106295109	106295109	0.0101	1.0265
4	116029891	116030852	1.9320	0	0.0000	0.9957	INV	INV	STRUCTURAL_VARIANT	0	0.0000	116029891	116029891	0.0084	1.9237
4	116030853	116030853	1.1231	0	0.0000	0.9925	INV	INV	STRUCTURAL_VARIANT	0	0.0000	116030853	116030853	0.0084	1.1148
4	116030854	191154276	2.0186	15503	0.8131	0.9959	INV	TELOMERE	BAF_WEIGHTED	68537	0.3715	116030854	116030854	0.0084	2.0102
5	1	20335346	2.9611	4763	0.6191	0.6665	TELOMERE	DEL	BAF_WEIGHTED	17891	0.4079	1	1	0.9875	1.9736
5	20335347	20773056	2.0120	160	0.8123	0.9946	DEL	DEL	BAF_WEIGHTED	344	0.3524	20335347	20335347	0.0108	2.0012
5	20773057	47905640	2.9953	4782	0.6190	0.6659	DEL	CENTROMERE	BAF_WEIGHTED	22198	0.3710	20773057	20773057	1.0007	1.9946
5	47905641	50984252	3.0263	74	0.6140	0.6582	CENTROMERE	DEL	BAF_WEIGHTED	1142	0.3605	47905641	47905641	1.0343	1.9921
5	50984253	51275521	2.0382	26	0.5389	0.5094	DEL	BND	BAF_WEIGHTED	266	0.3484	50984253	50984253	1.0000	1.0382
5	51275522	51291458	2.9968	0	0.0000	0.6579	BND	BND	BAF_WEIGHTED	15	0.3635	51275522	51275522	1.0251	1.9717
5	51291459	51292657	2.0033	0	0.0000	0.5117	BND	BND	STRUCTURAL_VARIANT	0	0.0000	51291459	51291459	0.9782	1.0251
5	51292658	51294229	3.0124	0	0.0000	0.6597	BND	BND	BAF_WEIGHTED	1	0.3330	51292658	51292658	1.0251	1.9873
5	51294230	51294368	1.9769	0	0.0000	0.5185	BND	DEL	STRUCTURAL_VARIANT	0	0.0000	51294230	51294230	0.9518	1.0251
5	51294369	73264023	3.0624	3554	0.6194	0.6653	DEL	DEL	BAF_WEIGHTED	18639	0.3900	51294369	51294369	1.0251	2.0373
5	73264024	73285814	2.0278	2	0.5212	0.5069	DEL	DEL	BAF_WEIGHTED	20	0.4272	73264024	73264024	1.0000	1.0278
5	73285815	131036383	3.0409	10490	0.6202	0.6665	DEL	DEL	BAF_WEIGHTED	53143	0.3728	73285815	73285815	1.0141	2.0268
5	131036384	131500834	2.0317	4	0.8248	1.0133	DEL	DUP	BAF_WEIGHTED	413	0.4222	131036384	131036384	0.0000	2.0317
5	131500835	131501256	4.1612	0	0.0000	1.0013	DUP	DEL	STRUCTURAL_VARIANT	0	0.0000	131500835	131500835	0.0000	4.1612
5	131501257	131501260	2.9397	0	0.0000	1.0018	DEL	DEL	STRUCTURAL_VARIANT	0	0.0000	131501257	131501257	0.0000	2.9397
5	131501261	131501658	4.1188	0	0.0000	1.0013	DEL	DUP	STRUCTURAL_VARIANT	0	0.0000	131501261	131501261	0.0000	4.1188
5	131501659	138554322	1.9892	1052	0.8164	1.0026	DUP	DEL	BAF_WEIGHTED	6616	0.4406	131501659	131501659	0.0000	1.9892
5	138554323	162818152	3.0084	3851	0.6205	0.6676	DEL	DEL	BAF_WEIGHTED	22294	0.4090	138554323	138554323	1.0000	2.0084
5	162818153	162985081	2.0077	36	0.8152	0.9999	DEL	DEL	BAF_WEIGHTED	159	0.3814	162818153	162818153	0.0003	2.0074
5	162985082	180915260	2.9399	3064	0.6220	0.6708	DEL	TELOMERE	BAF_WEIGHTED	15743	0.4341	162985082	162985082	0.9679	1.9721
6	1	13692202	3.0125	2936	0.6180	0.6640	TELOMERE	BND	BAF_WEIGHTED	12747	0.4188	1	1	1.0123	2.0002
6	13692203	13692205	1.2313	0	0.0000	0.8222	BND	BND	STRUCTURAL_VARIANT	0	0.0000	13692203	13692203	0.2189	1.0123
6	13692206	21332904	3.0079	1677	0.6177	0.6637	BND	SGL	BAF_WEIGHTED	7321	0.4110	13692206	13692206	1.0115	1.9964
6	21332905	60330165	3.0010	8492	0.6172	0.6633	SGL	CENTROMERE	BAF_WEIGHTED	33309	0.4171	21332905	21332905	1.0105	1.9905
6	60330166	65005000	3.0324	1005	0.6205	0.6673	CENTROMERE	NONE	BAF_WEIGHTED	2692	0.3606	60330166	60330166	1.0088	2.0235
6	65005001	69988246	1.9801	938	0.8093	0.9931	NONE	SGL	BAF_WEIGHTED	4629	0.3435	65005001	65005001	0.0137	1.9664
6	69988247	70652714	3.0301	23	0.6048	0.6451	SGL	BND	BAF_WEIGHTED	613	0.3625	69988247	69988247	1.0754	1.9546
6	70652715	171115067	2.0246	17121	0.8145	0.9974	BND	TELOMERE	BAF_WEIGHTED	92798	0.3857	70652715	70652715	0.0053	2.0193
7	1	34747139	3.0245	7718	0.6199	0.6665	TELOMERE	DEL	BAF_WEIGHTED	30974	0.4038	1	1	1.0086	2.0159
7	34747140	35978987	2.0214	272	0.8117	0.9935	DEL	DEL	BAF_WEIGHTED	865	0.4025	34747140	34747140	0.0131	2.0083
7	35978988	59554330	2.9904	4166	0.6187	0.6654	DEL	CENTROMERE	BAF_WEIGHTED	19102	0.4068	35978988	35978988	1.0005	1.9899
7	59554331	91058015	2.9621	4331	0.6189	0.6661	CENTROMERE	DEL	BAF_WEIGHTED	22981	0.3964	59554331	59554331	0.9892	1.9729
7	91058016	92717749	2.0341	187	0.5364	0.5084	DEL	DEL	BAF_WEIGHTED	1499	0.3821	91058016	91058016	0.9999	1.0342
7	92717750	94407284	3.0630	196	0.6211	0.6676	DEL	DUP	BAF_WEIGHTED	1581	0.3643	92717750	92717750	1.0182	2.0447
7	94407285	94407363	4.0393	0	0.0000	0.7540	DUP	DUP	STRUCTURAL_VARIANT	0	0.0000	94407285	94407285	0.9939	3.0455
7	94407364	112535109	2.9773	3039	0.6192	0.6662	DUP	DEL	BAF_WEIGHTED	15523	0.4066	94407364	94407364	0.9939	1.9834
7	112535110	112536966	1.9753	0	0.0000	0.5073	DEL	DEL	STRUCTURAL_VARIANT	0	0.0000	112535110	112535110	0.9731	1.0021
7	112536967	159138663	3.0007	8221	0.6192	0.6660	DEL	TELOMERE	BAF_WEIGHTED	40728	0.4028	112536967	112536967	1.0021	1.9985
8	1	19229834	1.9987	6794	0.5344	0.5062	TELOMERE	DEL	BAF_WEIGHTED	15947	0.4060	1	1	0.9869	1.0118
8	19229835	19230168	1.0555	0	0.0000	0.9350	DEL	DEL	STRUCTURAL_VARIANT	0	0.0000	19229835	19229835	0.0686	0.9869
8	19230169	45338886	1.9967	3929	0.5342	0.5101	DEL	CENTROMERE	BAF_WEIGHTED	22571	0.4169	19230169	19230169	0.9782	1.0185
8	45338887	146364022	2.0206	17414	0.5347	0.5104	CENTROMERE	TELOMERE	BAF_WEIGHTED	90093	0.3905	45338887	45338887	0.9893	1.0313
9	1	19098068	2.0260	4508	0.8121	0.9931	TELOMERE	BND	BAF_WEIGHTED	17478	0.3830	1	1	0.0141	2.0120
9	19098069	19406211	2.9452	100	0.6204	0.6684	BND	SGL	BAF_WEIGHTED	298	0.4159	19098069	19098069	0.9766	1.9686
9	19406212	23152947	2.0744	758	0.8141	0.9918	SGL	BND	BAF_WEIGHTED	3401	0.3765	19406212	19406212	0.0170	2.0574
9	23152948	24100350	3.0770	118	0.6233	0.6704	BND	BND	BAF_WEIGHTED	894	0.3739	23152948	23152948	1.0143	2.0627
9	24100351	24352243	2.0416	0	0.0000	0.9818	BND	SGL	BAF_WEIGHTED	220	0.3581	24100351	24100351	0.0372	2.0045
9	24352244	31556765	3.0155	1263	0.6185	0.6647	SGL	DUP	BAF_WEIGHTED	6719	0.3593	24352244	24352244	1.0111	2.0045
9	31556766	31556945	3.6109	0	0.0000	0.5551	DUP	DUP	STRUCTURAL_VARIANT	0	0.0000	31556766	31556766	1.6065	2.0045
9	31556946	48867678	2.9812	1000	0.6183	0.6650	DUP	CENTROMERE	BAF_WEIGHTED	6306	0.4329	31556946	31556946	0.9988	1.9824
9	48867679	121944910	2.0114	9724	0.8156	1.0000	CENTROMERE	DEL	BAF_WEIGHTED	47040	0.4062	48867679	48867679	0.0000	2.0114
9	121944911	121951336	0.9981	0	0.0000	1.0000	DEL	DEL	BAF_WEIGHTED	1	0.3540	121944911	121944911	0.0000	0.9981
9	121951337	141213431	1.9372	2110	0.8168	1.0084	DEL	TELOMERE	BAF_WEIGHTED	15855	0.4810	121951337	121951337	0.0000	1.9372
10	1	9037262	2.0056	2710	0.5365	0.5092	TELOMERE	DEL	BAF_WEIGHTED	8324	0.4256	1	1	0.9844	1.0212
10	9037263	9243688	1.0601	0	0.0000	0.9449	DEL	DEL	BAF_WEIGHTED	199	0.3575	9037263	9037263	0.0584	1.0017
10	9243689	20843148	1.9709	3137	0.5340	0.5083	DEL	DEL	BAF_WEIGHTED	10595	0.4067	9243689	9243689	0.9692	1.0017
10	20843149	24124522	1.0063	397	0.7250	0.9867	DEL	DEL	BAF_WEIGHTED	3064	0.4028	20843149	20843149	0.0134	0.9929
10	24124523	35285741	2.0153	1858	0.5373	0.5178	DEL	DEL	BAF_WEIGHTED	10381	0.4067	24124523	24124523	0.9717	1.0436
10	35285742	35339645	1.0278	40	0.7484	0.9999	DEL	DEL	BAF_WEIGHTED	51	0.3947	35285742	35285742	0.0001	1.0277
10	35339646	40754934	1.9809	414	0.5342	0.5048	DEL	CENTROMERE	BAF_WEIGHTED	2875	0.4006	35339646	35339646	0.9809	1.0000
10	40754935	44156231	1.9858	187	0.5354	0.5140	CENTROMERE	DEL	BAF_WEIGHTED	1060	0.4560	40754935	40754935	0.9650	1.0208
10	44156232	44425794	1.0097	5	0.6705	0.8689	DEL	DEL	BAF_WEIGHTED	242	0.4470	44156232	44156232	0.1324	0.8772
10	44425795	135534747	2.0061	16467	0.5345	0.5095	DEL	TELOMERE	BAF_WEIGHTED	80301	0.4156	44425795	44425795	0.9840	1.0222
11	1	46738019	2.0137	9073	0.5351	0.5097	TELOMERE	DEL	BAF_WEIGHTED	40573	0.4011	1	1	0.9874	1.0263
11	46738020	46738541	1.0367	0	0.0000	0.9525	DEL	DEL	STRUCTURAL_VARIANT	0	0.0000	46738020	46738020	0.0493	0.9874
11	46738542	53144204	1.9913	1262	0.5340	0.5262	DEL	CENTROMERE	BAF_WEIGHTED	2420	0.4235	46738542	46738542	0.9435	1.0478
11	53144205	83791425	1.9723	3989	0.5352	0.5158	CENTROMERE	SGL	BAF_WEIGHTED	24551	0.4402	53144205	53144205	0.9550	1.0173
11	83791426	83791593	1.2562	0	0.0000	0.7829	SGL	SGL	STRUCTURAL_VARIANT	0	0.0000	83791426	83791426	0.2727	0.9835
11	83791594	124672377	2.0144	7329	0.5351	0.5118	SGL	DUP	BAF_WEIGHTED	37226	0.3978	83791594	83791594	0.9835	1.0310
11	124672378	124714079	2.9674	14	0.6172	0.6636	DUP	DUP	BAF_WEIGHTED	40	0.4425	124672378	124672378	0.9983	1.9691
11	124714080	135006516	1.9800	2046	0.5327	0.5081	DUP	TELOMERE	BAF_WEIGHTED	9587	0.4325	124714080	124714080	0.9740	1.0059
12	1	3847793	2.9630	699	0.6202	0.6680	TELOMERE	DEL	BAF_WEIGHTED	3398	0.4573	1	1	0.9838	1.9792
12	3847794	3865915	1.9047	7	0.5364	0.5250	DEL	DEL	BAF_WEIGHTED	16	0.4807	3847794	3847794	0.9047	1.0000
12	3865916	23702659	3.0255	4301	0.6207	0.6674	DEL	DEL	BAF_WEIGHTED	17766	0.3963	3865916	3865916	1.0063	2.0192
12	23702660	23896748	2.0246	11	0.8230	1.0096	DEL	DEL	BAF_WEIGHTED	191	0.3463	23702660	23702660	0.0000	2.0246
12	23896749	36356693	3.0389	2525	0.6210	0.6679	DEL	CENTROMERE	BAF_WEIGHTED	9811	0.3900	23896749	23896749	1.0093	2.0296
12	36356694	70598335	3.0153	6322	0.6201	0.6668	CENTROMERE	DEL	BAF_WEIGHTED	29376	0.4045	36356694	36356694	1.0048	2.0106
12	70598336	70630183	2.0548	22	0.8088	0.9853	DEL	DEL	BAF_WEIGHTED	29	0.3700	70598336	70598336	0.0302	2.0246
12	70630184	86267213	3.0359	1922	0.6214	0.6684	DEL	DEL	BAF_WEIGHTED	14716	0.3613	70630184	70630184	1.0068	2.0292
12	86267214	86762219	2.8548	145	0.5984	0.6389	DEL	DEL	BAF_WEIGHTED	470	0.3461	86267214	86267214	1.0308	1.8240
12	86762220	90814791	3.0785	319	0.6157	0.6600	DEL	BND	BAF_WEIGHTED	3763	0.3609	86762220	86762220	1.0469	2.0317
12	90814792	90815321	4.0203	0	0.0000	0.5073	BND	BND	STRUCTURAL_VARIANT	0	0.0000	90814792	90814792	1.9808	2.0395
12	90815322	90816248	2.9550	0	0.0000	0.6703	BND	INV	STRUCTURAL_VARIANT	0	0.0000	90815322	90815322	0.9742	1.9808
12	90816249	90817216	2.4041	0	0.0000	0.8240	INV	DUP	STRUCTURAL_VARIANT	0	0.0000	90816249	90816249	0.4232	1.9808
12	90817217	90817442	3.6914	0	0.0000	0.5366	DUP	INV	STRUCTURAL_VARIANT	0	0.0000	90817217	90817217	1.7105	1.9808
12	90817443	90819752	2.2559	0	0.0000	0.8781	INV	BND	BAF_WEIGHTED	1	0.3280	90817443	90817443	0.2751	1.9808
12	90819753	90820032	3.4132	0	0.0000	0.5804	BND	DUP	STRUCTURAL_VARIANT	0	0.0000	90819753	90819753	1.4323	1.9808
12	90820033	90820052	2.0616	0	0.0000	0.9608	DUP	BND	STRUCTURAL_VARIANT	0	0.0000	90820033	90820033	0.0808	1.9808
12	90820053	130458862	2.9583	7123	0.6214	0.6696	BND	DEL	BAF_WEIGHTED	37041	0.4298	90820053	90820053	0.9774	1.9808
12	130458863	130704163	1.9834	103	0.5310	0.5057	DEL	DEL	BAF_WEIGHTED	235	0.4744	130458863	130458863	0.9805	1.0029
12	130704164	133851895	2.9077	729	0.6242	0.6744	DEL	TELOMERE	BAF_WEIGHTED	2131	0.4823	130704164	130704164	0.9467	1.9609
13	1	17499999	3.0048	0	0.0000	0.6660	TELOMERE	CENTROMERE	LONG_ARM	0	0.0000	1	1	1.0037	2.0011
13	17500000	72995439	3.0048	9005	0.6193	0.6660	CENTROMERE	DUP	BAF_WEIGHTED	49715	0.3830	1	17500000	1.0037	2.0011
13	72995440	73005041	5.9889	1	0.7416	0.7890	DUP	SGL	BAF_WEIGHTED	9	0.3177	72995440	72995440	1.2637	4.7251
13	73005042	73008918	1.9443	0	0.0000	0.5235	SGL	SGL	BAF_WEIGHTED	2	0.3580	73005042	73005042	0.9265	1.0178
13	73008919	73019169	6.1618	0	0.0000	0.8348	SGL	DUP	BAF_WEIGHTED	10	0.3639	73008919	73008919	1.0178	5.1440
13	73019170	75896567	3.0657	653	0.6215	0.6680	DUP	DEL	BAF_WEIGHTED	2656	0.3791	73019170	73019170	1.0178	2.0479
13	75896568	83314587	2.0376	1564	0.5343	0.5089	DEL	DEL	BAF_WEIGHTED	7012	0.3666	75896568	75896568	1.0006	1.0370
13	83314588	95075536	2.9724	2214	0.6182	0.6648	DEL	DEL	BAF_WEIGHTED	11141	0.3506	83314588	83314588	0.9963	1.9761
13	95075537	95565361	2.0392	80	0.8167	0.9989	DEL	DEL	BAF_WEIGHTED	459	0.4020	95075537	95075537	0.0022	2.0370
13	95565362	95787516	3.0613	93	0.6242	0.6719	DEL	DEL	BAF_WEIGHTED	219	0.4059	95565362	95565362	1.0045	2.0568
13	95787517	95800201	1.9790	0	0.0000	1.0000	DEL	DEL	BAF_WEIGHTED	12	0.3977	95787517	95787517	0.0000	1.9790
13	95800202	102015609	3.0172	1294	0.6198	0.6665	DEL	DEL	BAF_WEIGHTED	5635	0.4117	95800202	95800202	1.0062	2.0109
13	102015610	102076346	2.0622	12	0.5241	0.5151	DEL	DEL	BAF_WEIGHTED	55	0.3723	102015610	102015610	1.0000	1.0622
13	102076347	115169878	3.0287	2967	0.6182	0.6641	DEL	TELOMERE	BAF_WEIGHTED	11523	0.4050	102076347	102076347	1.0175	2.0112
14	1	17499999	2.9890	0	0.0000	0.6706	TELOMERE	CENTROMERE	LONG_ARM	0	0.0000	1	1	0.9846	2.0045
14	17500000	31369212	2.9890	2088	0.6226	0.6706	CENTROMERE	DEL	BAF_WEIGHTED	9938	0.3913	1	17500000	0.9846	2.0045
14	31369213	33188310	2.0471	644	0.8150	0.9958	DEL	DEL	BAF_WEIGHTED	1701	0.3921	31369213	31369213	0.0087	2.0384
14	33188311	55441415	3.0248	4069	0.6188	0.6650	DEL	DUP	BAF_WEIGHTED	20619	0.3771	33188311	33188311	1.0132	2.0116
14	55441416	55718118	4.0081	26	0.5341	0.5010	DUP	DUP	BAF_WEIGHTED	268	0.4083	55441416	55441416	2.0000	2.0081
14	55718119	107349540	2.9860	8675	0.6192	0.6661	DUP	TELOMERE	BAF_WEIGHTED	46399	0.4213	55718119	55718119	0.9971	1.9888
15	1	18499999	1.0297	0	0.0000	1.0000	TELOMERE	CENTROMERE	LONG_ARM	0	0.0000	1	1	0.0000	1.0297
15	18500000	22586135	1.0297	5	0.7465	1.0277	CENTROMERE	INF	BAF_WEIGHTED	17	0.4161	1	18500000	0.0000	1.0297
15	22586136	22586136	4.0761	0	0.0000	0.7565	INF	BND	STRUCTURAL_VARIANT	0	0.0000	22586136	22586136	0.9924	3.0838
15	22586137	37367016	2.9587	2975	0.6177	0.6646	BND	BND	BAF_WEIGHTED	10876	0.4119	22586137	22586137	0.9924	1.9663
15	37367017	37401624	1.9639	2	0.5512	0.5818	BND	DUP	BAF_WEIGHTED	33	0.4191	37367017	37367017	0.8213	1.1427
15	37401625	37448108	3.1122	0	0.0000	0.7361	DUP	DEL	BAF_WEIGHTED	45	0.3765	37401625	37401625	0.8213	2.2909
15	37448109	37526047	2.0037	1	0.5630	0.5999	DEL	BND	BAF_WEIGHTED	72	0.3643	37448109	37448109	0.8016	1.2021
15	37526048	37556950	3.1153	38	0.6270	0.6750	BND	DUP	BAF_WEIGHTED	24	0.3563	37526048	37526048	1.0126	2.1027
15	37556951	37557926	2.0394	0	0.0000	0.5035	DUP	DEL	STRUCTURAL_VARIANT	0	0.0000	37556951	37556951	1.0126	1.0267
15	37557927	37861081	3.0822	15	0.6218	0.6682	DEL	BND	BAF_WEIGHTED	244	0.3615	37557927	37557927	1.0226	2.0596
15	37861082	40837837	2.0491	572	0.5322	0.5164	BND	BND	BAF_WEIGHTED	2804	0.4071	37861082	37861082	0.9910	1.0581
15	40837838	102531392	2.9967	12013	0.6202	0.6673	BND	TELOMERE	BAF_WEIGHTED	55986	0.4233	40837838	40837838	0.9970	1.9997
16	1	30508150	1.9340	5608	0.5347	0.5172	TELOMERE	DUP	BAF_WEIGHTED	23483	0.4548	1	1	0.9338	1.0002
16	30508151	30508268	2.6936	0	0.0000	0.6533	DUP	DUP	STRUCTURAL_VARIANT	0	0.0000	30508151	30508151	0.9338	1.7599
16	30508269	36835800	1.9364	133	0.5422	0.5661	DUP	CENTROMERE	BAF_WEIGHTED	2140	0.4518	30508269	30508269	0.8402	1.0962
16	36835801	67765771	1.9801	3954	0.5351	0.5090	CENTROMERE	DEL	BAF_WEIGHTED	19946	0.4183	36835801	36835801	0.9723	1.0078
16	67765772	67765854	1.0428	0	0.0000	0.9078	DEL	DEL	STRUCTURAL_VARIANT	0	0.0000	67765772	67765772	0.0961	0.9467
16	67765855	90354753	1.9524	4569	0.5350	0.5151	DEL	TELOMERE	BAF_WEIGHTED	19488	0.4520	67765855	67765855	0.9467	1.0057
17	1	7639796	1.8868	1472	0.5376	0.5350	TELOMERE	DEL	BAF_WEIGHTED	6384	0.4864	1	1	0.8773	1.0094
17	7639797	7639922	0.7620	0	0.0000	1.0000	DEL	DEL	STRUCTURAL_VARIANT	0	0.0000	7639797	7639797	0.0000	0.7620
17	7639923	10085108	1.8924	421	0.5371	0.5291	DEL	BND	BAF_WEIGHTED	2294	0.4694	7639923	7639923	0.8911	1.0013
17	10085109	17867046	2.9260	1672	0.6197	0.6678	BND	BND	BAF_WEIGHTED	6825	0.4319	10085109	10085109	0.9721	1.9539
17	17867047	23763005	1.9288	531	0.5373	0.5219	BND	CENTROMERE	BAF_WEIGHTED	2294	0.4647	17867047	17867047	0.9222	1.0066
17	23763006	63547154	2.9508	5340	0.6209	0.6689	CENTROMERE	BND	BAF_WEIGHTED	33073	0.4427	23763006	23763006	0.9769	1.9739
17	63547155	63951894	2.0596	154	0.5338	0.5178	BND	BND	BAF_WEIGHTED	367	0.3976	63547155	63547155	0.9932	1.0664
17	63951895	67514624	2.9873	444	0.6210	0.6685	BND	BND	BAF_WEIGHTED	3345	0.4236	63951895	63951895	0.9902	1.9971
17	67514625	68830183	2.0544	167	0.5294	0.5134	BND	BND	BAF_WEIGHTED	1260	0.3761	67514625	67514625	0.9997	1.0547
17	68830184	68830310	2.9014	0	0.0000	0.6365	BND	BND	STRUCTURAL_VARIANT	0	0.0000	68830184	68830184	1.0547	1.8466
17	68830311	68857780	2.0998	9	0.5385	0.5238	BND	BND	BAF_WEIGHTED	24	0.3716	68830311	68830311	1.0000	1.0998
17	68857781	69023094	1.0337	50	0.7170	0.9639	BND	BND	BAF_WEIGHTED	164	0.3753	68857781	68857781	0.0374	0.9963
17	69023095	69023210	1.5250	0	0.0000	0.6637	BND	BND	STRUCTURAL_VARIANT	0	0.0000	69023095	69023095	0.5129	1.0121
17	69023211	69023244	1.1417	0	0.0000	0.8865	BND	BND	STRUCTURAL_VARIANT	0	0.0000	69023211	69023211	0.1295	1.0121
17	69023245	69023362	1.9144	0	0.0000	0.5287	BND	BND	STRUCTURAL_VARIANT	0	0.0000	69023245	69023245	0.9023	1.0121
17	69023363	69023371	1.3522	0	0.0000	0.7485	BND	MULTIPLE	STRUCTURAL_VARIANT	0	0.0000	69023363	69023363	0.3401	1.0121
17	69023372	69023532	2.4303	0	0.0000	0.5835	MULTIPLE	INV	STRUCTURAL_VARIANT	0	0.0000	69023372	69023372	1.0121	1.4181
17	69023533	69023539	1.6507	0	0.0000	0.6132	INV	BND	STRUCTURAL_VARIANT	0	0.0000	69023533	69023533	0.6385	1.0121
17	69023540	69023863	2.6574	0	0.0000	0.6191	BND	INV	STRUCTURAL_VARIANT	0	0.0000	69023540	69023540	1.0121	1.6452
17	69023864	69023878	1.1131	0	0.0000	0.9093	INV	BND	STRUCTURAL_VARIANT	0	0.0000	69023864	69023864	0.1010	1.0121
17	69023879	69024259	2.0034	0	0.0000	0.5052	BND	SGL	STRUCTURAL_VARIANT	0	0.0000	69023879	69023879	0.9913	1.0121
17	69024260	69024265	2.8079	0	0.0000	0.6395	SGL	BND	STRUCTURAL_VARIANT	0	0.0000	69024260	69024260	1.0121	1.7958
17	69024266	71773255	1.9676	666	0.5358	0.5144	BND	INV	BAF_WEIGHTED	2673	0.4410	69024266	69024266	0.9555	1.0121
17	71773256	72424329	0.9164	96	0.7349	1.0000	INV	INV	BAF_WEIGHTED	617	0.5014	71773256	71773256	0.0000	0.9164
17	72424330	72757334	1.9155	159	0.5376	0.5218	INV	INV	BAF_WEIGHTED	305	0.4913	72424330	72424330	0.9160	0.9995
17	72757335	72904049	0.9189	3	0.7381	1.0000	INV	INV	BAF_WEIGHTED	123	0.5528	72757335	72757335	0.0000	0.9189
17	72904050	74078941	1.8573	103	0.5506	0.5826	INV	BND	BAF_WEIGHTED	959	0.5170	72904050	72904050	0.7752	1.0821
17	74078942	81195210	2.8430	1251	0.6190	0.6683	BND	TELOMERE	BAF_WEIGHTED	5565	0.5220	74078942	74078942	0.9432	1.8999
18	1	1990949	2.0000	450	0.8126	0.9964	TELOMERE	DUP	BAF_WEIGHTED	1744	0.3903	1	1	0.0072	1.9928
18	1990950	2055590	3.0706	10	0.8476	0.9806	DUP	DUP	BAF_WEIGHTED	62	0.3675	1990950	1990950	0.0597	3.0109
18	2055591	16960897	2.0015	3165	0.8147	0.9992	DUP	CENTROMERE	BAF_WEIGHTED	11350	0.4127	2055591	2055591	0.0015	1.9999
18	16960898	23509051	2.0086	952	0.8168	1.0009	CENTROMERE	DEL	BAF_WEIGHTED	4770	0.4114	16960898	16960898	0.0000	2.0086
18	23509052	27071201	1.0133	560	0.7328	1.0025	DEL	DEL	BAF_WEIGHTED	3380	0.3733	23509052	23509052	0.0000	1.0133
18	27071202	38430373	2.0311	1801	0.8136	0.9955	DEL	DEL	BAF_WEIGHTED	10516	0.3764	27071202	27071202	0.0092	2.0219
18	38430374	48044764	1.0144	1344	0.7294	0.9962	DEL	DEL	BAF_WEIGHTED	9112	0.4089	38430374	38430374	0.0039	1.0105
18	48044765	48045975	0.0000	0	0.0000	1.0000	DEL	DUP	STRUCTURAL_VARIANT	0	0.0000	48044765	48044765	0.0000	0.0000
18	48045976	48046525	0.8556	0	0.0000	1.0000	DUP	INV	STRUCTURAL_VARIANT	0	0.0000	48045976	48045976	0.0000	0.8556
18	48046526	51924109	0.0193	1058	0.5560	1.0000	INV	DEL	BAF_WEIGHTED	3690	0.3884	48046526	48046526	0.0000	0.0193
18	51924110	51924235	0.0000	0	0.0000	1.0000	DEL	MULTIPLE	STRUCTURAL_VARIANT	0	0.0000	51924110	51924110	0.0000	0.0000
18	51924236	51924274	0.9034	0	0.0000	1.0000	MULTIPLE	INV	STRUCTURAL_VARIANT	0	0.0000	51924236	51924236	0.0000	0.9034
18	51924275	51924291	1.7146	0	0.0000	1.0000	INV	DUP	STRUCTURAL_VARIANT	0	0.0000	51924275	51924275	0.0000	1.7146
18	51924292	51924468	0.9254	0	0.0000	1.0000	DUP	DEL	STRUCTURAL_VARIANT	0	0.0000	51924292	51924292	0.0000	0.9254
18	51924469	51924854	1.9456	0	0.0000	1.0000	DEL	INV	STRUCTURAL_VARIANT	0	0.0000	51924469	51924469	0.0000	1.9456
18	51924855	51944961	1.1094	4	0.7057	0.9274	INV	DEL	BAF_WEIGHTED	12	0.3883	51924855	51924855	0.0805	1.0289
18	51944962	51945982	0.0834	0	0.0000	1.0000	DEL	DEL	STRUCTURAL_VARIANT	0	0.0000	51944962	51944962	0.0000	0.0834
18	51945983	55465086	1.0347	384	0.7272	0.9846	DEL	DEL	BAF_WEIGHTED	3212	0.3928	51945983	51945983	0.0159	1.0188
18	55465087	55474654	-0.0049	0	0.0000	1.0000	DEL	DEL	BAF_WEIGHTED	6	0.4988	55465087	55465087	0.0000	-0.0049
18	55474655	61880028	1.0171	1386	0.7311	0.9953	DEL	DEL	BAF_WEIGHTED	6105	0.4039	55474655	55474655	0.0047	1.0124
18	61880029	63530143	0.0308	578	0.5588	1.0000	DEL	DEL	BAF_WEIGHTED	1562	0.3515	61880029	61880029	0.0000	0.0308
18	63530144	65192004	1.0289	123	0.7250	0.9817	DEL	DEL	BAF_WEIGHTED	1610	0.3452	63530144	63530144	0.0188	1.0101
18	65192005	67537578	1.9872	534	0.8099	0.9931	DEL	DEL	BAF_WEIGHTED	2240	0.3525	65192005	65192005	0.0137	1.9735
18	67537579	68107575	1.0410	89	0.7153	0.9581	DEL	DEL	BAF_WEIGHTED	534	0.3922	67537579	67537579	0.0436	0.9974
18	68107576	78077248	1.9886	1896	0.8139	0.9996	DEL	TELOMERE	BAF_WEIGHTED	9014	0.4099	68107576	68107576	0.0009	1.9877
19	1	2613327	2.6830	221	0.6243	0.6787	TELOMERE	DEL	BAF_WEIGHTED	1351	0.5792	1	1	0.8619	1.8210
19	2613328	2728111	1.7762	10	0.5484	0.5803	DEL	DEL	BAF_WEIGHTED	97	0.5321	2613328	2613328	0.7454	1.0308
19	2728112	2794551	0.8622	0	0.0000	1.0000	DEL	DEL	BAF_WEIGHTED	47	0.5523	2728112	2728112	0.0000	0.8622
19	2794552	7478443	1.8033	594	0.5387	0.5663	DEL	DEL	BAF_WEIGHTED	3735	0.5231	2794552	2794552	0.7820	1.0212
19	7478444	12736580	2.7978	987	0.6208	0.6714	DEL	BND	BAF_WEIGHTED	4456	0.4903	7478444	7478444	0.9193	1.8784
19	12736581	12736652	3.9591	0	0.0000	0.7678	BND	INV	STRUCTURAL_VARIANT	0	0.0000	12736581	12736581	0.9193	3.0398
19	12736653	12746273	3.0012	1	0.6148	0.6597	INV	INV	BAF_WEIGHTED	9	0.4287	12736653	12736653	1.0212	1.9800
19	12746274	12746988	4.0063	0	0.0000	0.7699	INV	INV	STRUCTURAL_VARIANT	0	0.0000	12746274	12746274	0.9218	3.0844
19	12746989	12747074	3.7709	0	0.0000	0.7555	INV	BND	STRUCTURAL_VARIANT	0	0.0000	12746989	12746989	0.9218	2.8490
19	12747075	12790415	2.6928	7	0.6098	0.6577	BND	BND	BAF_WEIGHTED	30	0.5344	12747075	12747075	0.9218	1.7709
19	12790416	14582479	3.6913	132	0.6888	0.7489	BND	BND	BAF_WEIGHTED	1503	0.5148	12790416	12790416	0.9269	2.7644
19	14582480	14582481	4.4963	0	0.0000	0.7939	BND	DEL	STRUCTURAL_VARIANT	0	0.0000	14582480	14582480	0.9269	3.5694
19	14582482	14582554	3.2025	0	0.0000	0.7106	DEL	BND	STRUCTURAL_VARIANT	0	0.0000	14582482	14582482	0.9269	2.2756
19	14582555	14582589	2.4297	0	0.0000	0.6185	BND	BND	STRUCTURAL_VARIANT	0	0.0000	14582555	14582555	0.9269	1.5028
19	14582590	14582885	2.9144	0	0.0000	0.6820	BND	BND	STRUCTURAL_VARIANT	0	0.0000	14582590	14582590	0.9269	1.9875
19	14582886	14582893	4.1483	0	0.0000	0.7766	BND	BND	STRUCTURAL_VARIANT	0	0.0000	14582886	14582886	0.9269	3.2214
19	14582894	14583022	3.2956	0	0.0000	0.7187	BND	INV	STRUCTURAL_VARIANT	0	0.0000	14582894	14582894	0.9269	2.3687
19	14583023	14583024	2.4360	0	0.0000	0.6195	INV	DEL	STRUCTURAL_VARIANT	0	0.0000	14583023	14583023	0.9269	1.5091
19	14583025	14583204	3.7299	0	0.0000	0.7515	DEL	SGL	STRUCTURAL_VARIANT	0	0.0000	14583025	14583025	0.9269	2.8030
19	14583205	14595926	2.6165	6	0.6462	0.7118	SGL	MULTIPLE	BAF_WEIGHTED	3	0.6090	14583205	14583205	0.7540	1.8625
19	14595927	14595991	3.3548	0	0.0000	0.7263	MULTIPLE	SGL	STRUCTURAL_VARIANT	0	0.0000	14595927	14595927	0.9183	2.4365
19	14595992	14595992	3.6594	0	0.0000	0.7490	SGL	INV	STRUCTURAL_VARIANT	0	0.0000	14595992	14595992	0.9183	2.7410
19	14595993	14596101	3.0412	0	0.0000	0.6980	INV	MULTIPLE	STRUCTURAL_VARIANT	0	0.0000	14595993	14595993	0.9183	2.1229
19	14596102	14596388	3.1761	0	0.0000	0.7109	MULTIPLE	DUP	STRUCTURAL_VARIANT	0	0.0000	14596102	14596102	0.9183	2.2578
19	14596389	14596392	4.1780	0	0.0000	0.7802	DUP	DEL	STRUCTURAL_VARIANT	0	0.0000	14596389	14596389	0.9183	3.2597
19	14596393	14596456	3.1296	0	0.0000	0.7066	DEL	BND	STRUCTURAL_VARIANT	0	0.0000	14596393	14596393	0.9183	2.2113
19	14596457	14596457	2.7170	0	0.0000	0.6620	BND	DEL	STRUCTURAL_VARIANT	0	0.0000	14596457	14596457	0.9183	1.7987
19	14596458	14596587	3.7515	0	0.0000	0.7552	DEL	BND	STRUCTURAL_VARIANT	0	0.0000	14596458	14596458	0.9183	2.8332
19	14596588	14596591	4.7690	0	0.0000	0.8074	BND	INV	STRUCTURAL_VARIANT	0	0.0000	14596588	14596588	0.9183	3.8506
19	14596592	14596858	3.7764	0	0.0000	0.7568	INV	DUP	STRUCTURAL_VARIANT	0	0.0000	14596592	14596592	0.9183	2.8581
19	14596859	18531274	2.7912	637	0.6202	0.6710	DUP	DEL	BAF_WEIGHTED	3508	0.5020	14596859	14596859	0.9183	1.8728
19	18531275	18531287	1.9868	0	0.0000	0.5023	DEL	INV	STRUCTURAL_VARIANT	0	0.0000	18531275	18531275	0.9889	0.9979
19	18531288	23237845	2.9179	762	0.6151	0.6611	INV	DUP	BAF_WEIGHTED	3637	0.4368	18531288	18531288	0.9889	1.9290
19	23237846	23240474	3.9584	0	0.0000	0.7502	DUP	DUP	BAF_WEIGHTED	2	0.4505	23237846	23237846	0.9889	2.9695
19	23240475	26181781	2.9475	121	0.6172	0.6637	DUP	CENTROMERE	BAF_WEIGHTED	1093	0.4080	23240475	23240475	0.9911	1.9564
19	26181782	37536578	2.8875	1727	0.6215	0.6707	CENTROMERE	INV	BAF_WEIGHTED	8622	0.4573	26181782	26181782	0.9509	1.9366
19	37536579	37675108	2.0506	107	0.5364	0.5123	INV	INV	BAF_WEIGHTED	113	0.4072	37536579	37536579	1.0000	1.0506
19	37675109	37682719	2.8188	1	0.5909	0.6288	INV	INV	BAF_WEIGHTED	4	0.4268	37675109	37675109	1.0464	1.7724
19	37682720	37691878	1.9940	2	0.5532	0.5845	INV	INV	BAF_WEIGHTED	7	0.4154	37682720	37682720	0.8286	1.1654
19	37691879	37694073	3.0164	2	0.6013	0.6407	INV	DEL	BAF_WEIGHTED	2	0.3640	37691879	37691879	1.0837	1.9328
19	37694074	37723898	1.9125	0	0.0000	0.5899	DEL	INV	BAF_WEIGHTED	28	0.4242	37694074	37694074	0.7843	1.1282
19	37723899	37724348	2.7097	0	0.0000	0.7106	INV	DEL	STRUCTURAL_VARIANT	0	0.0000	37723899	37723899	0.7843	1.9254
19	37724349	37741565	1.9278	3	0.5579	0.5932	DEL	INV	BAF_WEIGHTED	16	0.4107	37724349	37724349	0.7843	1.1435
19	37741566	37816228	2.2043	3	0.5056	0.5464	INV	SGL	BAF_WEIGHTED	27	0.4619	37741566	37741566	1.0000	1.2043
19	37816229	37825724	2.9327	0	0.0000	0.6702	SGL	INV	BAF_WEIGHTED	4	0.4395	37816229	37816229	0.9671	1.9656
19	37825725	37858420	1.9671	7	0.5400	0.5084	INV	DUP	BAF_WEIGHTED	32	0.4238	37825725	37825725	0.9671	1.0000
19	37858421	37862177	2.5584	0	0.0000	0.6220	DUP	SGL	BAF_WEIGHTED	3	0.4667	37858421	37858421	0.9671	1.5914
19	37862178	37904708	2.0366	0	0.0000	0.5252	SGL	INV	BAF_WEIGHTED	40	0.4006	37862178	37862178	0.9671	1.0695
19	37904709	37937913	3.0456	0	0.0000	0.6825	INV	SGL	BAF_WEIGHTED	32	0.3947	37904709	37904709	0.9671	2.0785
19	37937914	38025881	2.0047	0	0.0000	0.5176	SGL	INV	BAF_WEIGHTED	85	0.4174	37937914	37937914	0.9671	1.0377
19	38025882	38038102	3.2058	0	0.0000	0.6983	INV	INV	BAF_WEIGHTED	11	0.3883	38025882	38025882	0.9671	2.2387
19	38038103	38060355	2.3131	0	0.0000	0.5819	INV	INV	STRUCTURAL_VARIANT	17	0.4218	38038103	38038103	0.9671	1.3460
19	38060356	38064365	3.0854	1	0.6316	0.6817	INV	INV	BAF_WEIGHTED	3	0.3610	38060356	38060356	0.9821	2.1033
19	38064366	38100000	2.2496	0	0.0000	0.5555	INV	INV	STRUCTURAL_VARIANT	34	0.4002	38064366	38064366	1.0000	1.2496
19	38100001	38106116	3.2140	0	0.0000	0.6889	INV	INV	BAF_WEIGHTED	6	0.3792	38100001	38100001	1.0000	2.2140
19	38106117	38179284	2.0183	19	0.5377	0.5045	INV	INV	BAF_WEIGHTED	63	0.4001	38106117	38106117	1.0000	1.0183
19	38179285	38182278	3.0583	0	0.0000	0.6730	INV	INV	BAF_WEIGHTED	2	0.4530	38179285	38179285	1.0000	2.0583
19	38182279	38302536	2.0841	11	0.5377	0.5202	INV	INF	BAF_WEIGHTED	111	0.4141	38182279	38182279	1.0000	1.0841
19	38302537	38302537	3.1047	0	0.0000	0.6779	INF	INV	STRUCTURAL_VARIANT	0	0.0000	38302537	38302537	1.0000	2.1047
19	38302538	38325000	2.0272	7	0.5455	0.5719	INV	DEL	BAF_WEIGHTED	22	0.4338	38302538	38302538	0.8679	1.1593
19	38325001	38331568	2.8082	0	0.0000	0.6909	DEL	DUP	BAF_WEIGHTED	3	0.4480	38325001	38325001	0.8679	1.9403
19	38331569	38350887	2.0108	1	0.5238	0.5027	DUP	DUP	BAF_WEIGHTED	16	0.4622	38331569	38331569	1.0000	1.0108
19	38350888	38353177	3.0745	0	0.0000	0.7063	DUP	SGL	NON_DIPLOID	2	0.4240	38350888	38350888	0.9030	2.1714
19	38353178	38383545	1.9155	1	0.5165	0.5286	SGL	DUP	BAF_WEIGHTED	26	0.4485	38353178	38353178	0.9030	1.0125
19	38383546	41814790	2.8238	520	0.6164	0.6650	DUP	DUP	BAF_WEIGHTED	2906	0.4933	38383546	38383546	0.9461	1.8777
19	41814791	41887320	3.6629	3	0.7355	0.8110	DUP	DUP	BAF_WEIGHTED	63	0.5257	41814791	41814791	0.6922	2.9707
19	41887321	42159213	3.1164	0	0.0000	0.7779	DUP	SGL	STRUCTURAL_VARIANT	247	0.4690	41887321	41887321	0.6922	2.4242
19	42159214	42203767	5.3907	0	0.0000	0.8716	SGL	DEL	BAF_WEIGHTED	42	0.4425	42159214	42159214	0.6922	4.6985
19	42203768	42226612	3.8181	1	0.6705	0.7230	DEL	DEL	BAF_WEIGHTED	4	0.5292	42203768	42203768	1.0578	2.7603
19	42226613	42343988	5.0913	26	0.7636	0.8236	DEL	SGL	BAF_WEIGHTED	106	0.4503	42226613	42226613	0.8982	4.1931
19	42343989	49239673	2.8230	1104	0.6198	0.6696	SGL	INV	BAF_WEIGHTED	5484	0.4931	42343989	42343989	0.9326	1.8904
19	49239674	49242298	1.8497	0	0.0000	0.5042	INV	DEL	BAF_WEIGHTED	2	0.5285	49239674	49239674	0.9171	0.9326
19	49242299	49245905	2.7506	0	0.0000	0.6609	DEL	DEL	BAF_WEIGHTED	1	0.6050	49242299	49242299	0.9326	1.8180
19	49245906	49258943	1.8215	0	0.0000	0.5120	DEL	SGL	BAF_WEIGHTED	11	0.5407	49245906	49245906	0.8889	0.9326
19	49258944	49267931	2.6768	0	0.0000	0.6516	SGL	INV	BAF_WEIGHTED	5	0.5630	49258944	49258944	0.9326	1.7442
19	49267932	49283799	1.9706	0	0.0000	0.5267	INV	SGL	STRUCTURAL_VARIANT	13	0.4816	49267932	49267932	0.9326	1.0380
19	49283800	49305875	2.6664	6	0.6435	0.7066	SGL	DUP	BAF_WEIGHTED	19	0.5142	49283800	49283800	0.7822	1.8842
19	49305876	49362657	1.8166	0	0.0000	0.5694	DUP	INV	BAF_WEIGHTED	48	0.5121	49305876	49305876	0.7822	1.0344
19	49362658	49363011	2.8181	0	0.0000	0.7224	INV	INV	STRUCTURAL_VARIANT	0	0.0000	49362658	49362658	0.7822	2.0359
19	49363012	49425838	1.7944	0	0.0000	0.5641	INV	DEL	BAF_WEIGHTED	57	0.5212	49363012	49363012	0.7822	1.0122
19	49425839	49427536	2.6750	0	0.0000	0.7076	DEL	INV	BAF_WEIGHTED	1	0.5600	49425839	49425839	0.7822	1.8928
19	49427537	49453670	1.7680	3	0.5258	0.5656	INV	DEL	BAF_WEIGHTED	22	0.5164	49427537	49427537	0.7680	1.0000
19	49453671	49457410	2.6227	3	0.6071	0.6551	DEL	DUP	BAF_WEIGHTED	3	0.4753	49453671	49453671	0.9047	1.7181
19	49457411	49483888	1.8585	0	0.0000	0.5023	DUP	INV	STRUCTURAL_VARIANT	19	0.5392	49457411	49457411	0.9250	0.9335
19	49483889	59128983	2.8414	1981	0.6215	0.6714	INV	TELOMERE	BAF_WEIGHTED	7434	0.4808	49483889	49483889	0.9335	1.9078
20	1	21674122	3.0231	4121	0.6207	0.6677	TELOMERE	INV	BAF_WEIGHTED	20455	0.4135	1	1	1.0046	2.0186
20	21674123	21674125	4.8197	0	0.0000	0.7916	INV	INV	STRUCTURAL_VARIANT	0	0.0000	21674123	21674123	1.0046	3.8151
20	21674126	23552717	3.0285	465	0.6176	0.6632	INV	INV	BAF_WEIGHTED	1736	0.4267	21674126	21674126	1.0200	2.0085
20	23552718	23552718	1.2199	0	0.0000	0.8149	INV	INV	STRUCTURAL_VARIANT	0	0.0000	23552718	23552718	0.2258	0.9941
20	23552719	27869568	2.9989	920	0.6211	0.6685	INV	CENTROMERE	BAF_WEIGHTED	1900	0.4561	23552719	23552719	0.9941	2.0049
20	27869569	48960087	2.9372	2460	0.6203	0.6685	CENTROMERE	DEL	BAF_WEIGHTED	17794	0.4556	27869569	27869569	0.9737	1.9635
20	48960088	49750457	1.9304	156	0.5408	0.5308	DEL	DEL	BAF_WEIGHTED	756	0.4746	48960088	48960088	0.9058	1.0246
20	49750458	63025520	2.9489	2514	0.6199	0.6677	DEL	TELOMERE	BAF_WEIGHTED	11129	0.4507	49750458	49750458	0.9799	1.9691
21	1	12788128	2.9722	0	0.0000	0.6585	TELOMERE	CENTROMERE	LONG_ARM	0	0.0990	1	1	1.0149	1.9572
21	12788129	22935781	2.9722	1512	0.6137	0.6585	CENTROMERE	DEL	BAF_WEIGHTED	7072	0.3598	12788129	12788129	1.0149	1.9572
21	22935782	23252981	1.9416	79	0.5446	0.5716	DEL	DEL	BAF_WEIGHTED	305	0.3523	22935782	22935782	0.8318	1.1098
21	23252982	31655718	2.9542	1818	0.6157	0.6615	DEL	DEL	BAF_WEIGHTED	7927	0.3674	23252982	23252982	1.0000	1.9542
21	31655719	31709424	2.0266	12	0.5343	0.5066	DEL	DEL	BAF_WEIGHTED	52	0.3583	31655719	31655719	1.0000	1.0266
21	31709425	48129895	2.9449	3468	0.6174	0.6642	DEL	TELOMERE	BAF_WEIGHTED	14315	0.4462	31709425	31709425	0.9888	1.9561
22	1	14499999	2.9008	0	0.0000	1.0075	TELOMERE	CENTROMERE	LONG_ARM	0	0.0000	1	1	0.0000	2.9008
22	14500000	51304566	2.9008	5928	0.8611	1.0075	CENTROMERE	TELOMERE	BAF_WEIGHTED	28386	0.4800	1	14500000	0.0000	2.9008
X	1	60132011	1.9907	5367	0.8176	1.0061	TELOMERE	CENTROMERE	BAF_WEIGHTED	49631	0.3976	1	1	0.0000	1.9907
X	60132012	104785785	1.9764	3893	0.8138	1.0004	CENTROMERE	BND	BAF_WEIGHTED	34178	0.3813	60132012	60132012	0.0000	1.9764
X	104785786	107915983	3.0266	120	0.6238	0.6715	BND	DEL	BAF_WEIGHTED	2835	0.3907	104785786	104785786	0.9943	2.0322
X	107915984	107917236	1.7853	0	0.0000	0.5581	DEL	DEL	BAF_WEIGHTED	1	0.3130	107915984	107915984	0.7888	0.9965
X	107917237	122837487	2.9918	1626	0.6199	0.6669	DEL	DEL	BAF_WEIGHTED	13227	0.3856	107917237	107917237	0.9965	1.9954
X	122837488	122840118	2.0639	0	0.0000	0.5300	DEL	DEL	BAF_WEIGHTED	2	0.3585	122837488	122837488	0.9701	1.0938
X	122840119	146714834	2.9260	2131	0.6200	0.6685	DEL	DEL	BAF_WEIGHTED	21120	0.3854	122840119	122840119	0.9701	1.9559
X	146714835	146924867	1.9485	0	0.0000	0.5021	DEL	DEL	BAF_WEIGHTED	199	0.3816	146714835	146714835	0.9701	0.9784
X	146924868	155270560	2.9442	381	0.6240	0.6736	DEL	TELOMERE	BAF_WEIGHTED	5682	0.4165	146924868	146924868	0.9609	1.9832
